{"_via_settings":{"ui":{"annotation_editor_height":20,"annotation_editor_fontsize":0.8,"leftsidebar_width":18,"image_grid":{"img_height":80,"rshape_fill":"none","rshape_fill_opacity":0.3,"rshape_stroke":"yellow","rshape_stroke_width":2,"show_region_shape":true,"show_image_policy":"all"},"image":{"region_label":"region_id","region_label_font":"10px Sans"}},"core":{"buffer_size":"18","filepath":{"./":1},"default_filepath":"./"},"project":{"name":"via_project_25Feb2019_16h21m"}},"_via_img_metadata":{"IMG_20190221_172403abc.jpeg53406":{"filename":"IMG_20190221_172403abc.jpeg","size":53406,"regions":[{"shape_attributes":{"name":"rect","x":7,"y":9,"width":397,"height":365},"region_attributes":{"class":"AUTO"}},{"shape_attributes":{"name":"rect","x":205,"y":167,"width":80,"height":48},"region_attributes":{"class":"KA03AB5316"}}],"file_attributes":{}},"IMG_2019024521_172319A.jpg150570":{"filename":"IMG_2019024521_172319A.jpg","size":150570,"regions":[{"shape_attributes":{"name":"rect","x":386,"y":21,"width":488,"height":520},"region_attributes":{"class":"AUTO"}},{"shape_attributes":{"name":"rect","x":532,"y":256,"width":73,"height":56},"region_attributes":{"class":"KA05D9261"}},{"shape_attributes":{"name":"rect","x":147,"y":63,"width":400,"height":388},"region_attributes":{"class":"AUTO"}},{"shape_attributes":{"name":"rect","x":220,"y":252,"width":51,"height":37},"region_attributes":{"class":"KA056370"}},{"shape_attributes":{"name":"rect","x":4,"y":99,"width":229,"height":312},"region_attributes":{"class":"AUTO"}},{"shape_attributes":{"name":"rect","x":47,"y":244,"width":35,"height":32},"region_attributes":{"class":"KA04A7468"}}],"file_attributes":{}},"IMG_2019024521_172319AB.jpg57930":{"filename":"IMG_2019024521_172319AB.jpg","size":57930,"regions":[{"shape_attributes":{"name":"rect","x":33,"y":53,"width":269,"height":399},"region_attributes":{"class":"AUTO"}},{"shape_attributes":{"name":"rect","x":100,"y":236,"width":49,"height":37},"region_attributes":{"class":"KA056370"}}],"file_attributes":{}},"IMG_2019024521_172319AA.jpg81637":{"filename":"IMG_2019024521_172319AA.jpg","size":81637,"regions":[{"shape_attributes":{"name":"rect","x":5,"y":7,"width":475,"height":521},"region_attributes":{"class":"AUTO"}},{"shape_attributes":{"name":"rect","x":149,"y":259,"width":72,"height":56},"region_attributes":{"class":"KA05D9261"}}],"file_attributes":{}},"IMG_20190221_172403.jpg764682":{"filename":"IMG_20190221_172403.jpg","size":764682,"regions":[{"shape_attributes":{"name":"rect","x":882,"y":155,"width":1018,"height":1028},"region_attributes":{"class":"AUTO"}},{"shape_attributes":{"name":"rect","x":1722,"y":892,"width":129,"height":79},"region_attributes":{"class":"KA03AF5133"}},{"shape_attributes":{"name":"rect","x":46,"y":162,"width":568,"height":582},"region_attributes":{"class":"AUTO"}},{"shape_attributes":{"name":"rect","x":519,"y":558,"width":69,"height":56},"region_attributes":{"class":"KA03AB8277"}}],"file_attributes":{}},"IMG_20190221_172329.jpg47532":{"filename":"IMG_20190221_172329.jpg","size":47532,"regions":[{"shape_attributes":{"name":"rect","x":52,"y":43,"width":187,"height":232},"region_attributes":{"class":"AUTO"}},{"shape_attributes":{"name":"rect","x":131,"y":150,"width":31,"height":23},"region_attributes":{"class":"KA055156"}}],"file_attributes":{}},"IMG_20190221_1724031B.jpg55487":{"filename":"IMG_20190221_1724031B.jpg","size":55487,"regions":[{"shape_attributes":{"name":"rect","x":5,"y":57,"width":317,"height":370},"region_attributes":{"class":"AUTO"}},{"shape_attributes":{"name":"rect","x":42,"y":233,"width":41,"height":37},"region_attributes":{"class":"KA049454"}}],"file_attributes":{}},"IMG_20190221_1724031A.jpg47412":{"filename":"IMG_20190221_1724031A.jpg","size":47412,"regions":[{"shape_attributes":{"name":"rect","x":13,"y":52,"width":259,"height":351},"region_attributes":{"class":"AUTO"}},{"shape_attributes":{"name":"rect","x":140,"y":179,"width":48,"height":26},"region_attributes":{"class":"KA01AD1842"}}],"file_attributes":{}},"IMG_20190221_172228.jpg19461":{"filename":"IMG_20190221_172228.jpg","size":19461,"regions":[{"shape_attributes":{"name":"rect","x":4,"y":22,"width":317,"height":275},"region_attributes":{"class":"AUTO"}},{"shape_attributes":{"name":"rect","x":71,"y":206,"width":42,"height":35},"region_attributes":{"class":"KA012541"}}],"file_attributes":{}},"IMG_20190221_172309.jpg1116672":{"filename":"IMG_20190221_172309.jpg","size":1116672,"regions":[{"shape_attributes":{"name":"rect","x":737,"y":326,"width":1121,"height":1304},"region_attributes":{"class":"AUTO"}},{"shape_attributes":{"name":"rect","x":1579,"y":1156,"width":155,"height":93},"region_attributes":{"class":"KA53A2837"}}],"file_attributes":{}},"IMG_20190221_172143.jpg2004077":{"filename":"IMG_20190221_172143.jpg","size":2004077,"regions":[{"shape_attributes":{"name":"rect","x":28,"y":292,"width":1375,"height":1889},"region_attributes":{"class":"AUTO"}},{"shape_attributes":{"name":"rect","x":1000,"y":1667,"width":264,"height":215},"region_attributes":{"class":"KA03E8470"}}],"file_attributes":{}},"IMG_20190219_161724C.jpg974520":{"filename":"IMG_20190219_161724C.jpg","size":974520,"regions":[{"shape_attributes":{"name":"rect","x":1279,"y":101,"width":1495,"height":1293},"region_attributes":{"class":"AUTO"}},{"shape_attributes":{"name":"rect","x":1531,"y":642,"width":160,"height":156},"region_attributes":{"class":"KA05D7746"}}],"file_attributes":{}},"IMG_20190219_161713C.jpg618880":{"filename":"IMG_20190219_161713C.jpg","size":618880,"regions":[{"shape_attributes":{"name":"rect","x":993,"y":191,"width":834,"height":856},"region_attributes":{"class":"AUTO"}},{"shape_attributes":{"name":"rect","x":1305,"y":584,"width":108,"height":91},"region_attributes":{"class":"KA05884"}}],"file_attributes":{}},"IMG_20190221_172403B.jpg230222":{"filename":"IMG_20190221_172403B.jpg","size":230222,"regions":[{"shape_attributes":{"name":"rect","x":201,"y":100,"width":585,"height":578},"region_attributes":{"class":"AUTO"}},{"shape_attributes":{"name":"rect","x":690,"y":482,"width":72,"height":44},"region_attributes":{"class":"KA03AB8277"}}],"file_attributes":{}},"IMG_20190221_172403A.jpg519582":{"filename":"IMG_20190221_172403A.jpg","size":519582,"regions":[{"shape_attributes":{"name":"rect","x":139,"y":154,"width":1016,"height":957},"region_attributes":{"class":"AUTO"}},{"shape_attributes":{"name":"rect","x":991,"y":854,"width":129,"height":78},"region_attributes":{"class":"KA03AF5133"}}],"file_attributes":{}},"IMG_20190221_172319A.jpg737465":{"filename":"IMG_20190221_172319A.jpg","size":737465,"regions":[{"shape_attributes":{"name":"rect","x":269,"y":94,"width":1513,"height":1464},"region_attributes":{"class":"AUTO"}},{"shape_attributes":{"name":"rect","x":1631,"y":1095,"width":114,"height":114},"region_attributes":{"class":"KA03AF9812"}}],"file_attributes":{}},"IMG_20190219_161724B.jpg425927":{"filename":"IMG_20190219_161724B.jpg","size":425927,"regions":[{"shape_attributes":{"name":"rect","x":207,"y":161,"width":1432,"height":1047},"region_attributes":{"class":"AUTO"}},{"shape_attributes":{"name":"rect","x":350,"y":556,"width":66,"height":68},"region_attributes":{"class":"KA04AB6971"}}],"file_attributes":{}},"IMG_20190219_161724A.jpg437912":{"filename":"IMG_20190219_161724A.jpg","size":437912,"regions":[{"shape_attributes":{"name":"rect","x":151,"y":9,"width":1456,"height":1277},"region_attributes":{"class":"AUTO"}},{"shape_attributes":{"name":"rect","x":401,"y":555,"width":170,"height":139},"region_attributes":{"class":"KA057746"}}],"file_attributes":{}},"IMG_20190219_161713B.jpg209887":{"filename":"IMG_20190219_161713B.jpg","size":209887,"regions":[{"shape_attributes":{"name":"rect","x":48,"y":147,"width":721,"height":576},"region_attributes":{"class":"AUTO"}},{"shape_attributes":{"name":"rect","x":212,"y":395,"width":87,"height":65},"region_attributes":{"class":"KA057746"}}],"file_attributes":{}},"IMG_20190219_161713A.jpg279738":{"filename":"IMG_20190219_161713A.jpg","size":279738,"regions":[{"shape_attributes":{"name":"rect","x":376,"y":157,"width":782,"height":860},"region_attributes":{"class":"AUTO"}},{"shape_attributes":{"name":"rect","x":634,"y":561,"width":106,"height":85},"region_attributes":{"class":"KA05884"}}],"file_attributes":{}},"IMG_20190221_190959.jpg203731":{"filename":"IMG_20190221_190959.jpg","size":203731,"regions":[{"shape_attributes":{"name":"rect","x":35,"y":660,"width":1892,"height":2543},"region_attributes":{"class":"AUTO"}},{"shape_attributes":{"name":"rect","x":1523,"y":2218,"width":308,"height":211},"region_attributes":{"class":"KA03AF6155"}}],"file_attributes":{}},"IMG_20190221_172439.jpg1641461":{"filename":"IMG_20190221_172439.jpg","size":1641461,"regions":[{"shape_attributes":{"name":"rect","x":1115,"y":-4,"width":1570,"height":1828},"region_attributes":{"class":"AUTO"}},{"shape_attributes":{"name":"rect","x":2355,"y":1268,"width":224,"height":164},"region_attributes":{"class":"KA04AB7343"}}],"file_attributes":{}},"IMG_20190221_172319.jpg1137159":{"filename":"IMG_20190221_172319.jpg","size":1137159,"regions":[{"shape_attributes":{"name":"rect","x":1070,"y":119,"width":1541,"height":1553},"region_attributes":{"class":"AUTO"}},{"shape_attributes":{"name":"rect","x":2439,"y":1107,"width":148,"height":102},"region_attributes":{"class":"KA03AF9812"}}],"file_attributes":{}},"IMG_20190221_172242.jpg661787":{"filename":"IMG_20190221_172242.jpg","size":661787,"regions":[{"shape_attributes":{"name":"rect","x":283,"y":8,"width":2545,"height":1910},"region_attributes":{"class":"AUTO"}},{"shape_attributes":{"name":"rect","x":1816,"y":1016,"width":254,"height":172},"region_attributes":{"class":"KA03AB2723"}}],"file_attributes":{}},"IMG_20190221_172222.jpg1055571":{"filename":"IMG_20190221_172222.jpg","size":1055571,"regions":[{"shape_attributes":{"name":"rect","x":13,"y":18,"width":1866,"height":2310},"region_attributes":{"class":"AUTO"}},{"shape_attributes":{"name":"rect","x":1325,"y":1760,"width":308,"height":167},"region_attributes":{"class":"KA03AF8751"}}],"file_attributes":{}}},"_via_attributes":{"region":{"class":{"type":"text","description":"AUTO","default_value":""}},"file":{}}}